source_path,target_path,category,mode,notes
_includes/docs/reference/circuitpython-client-sdk.md,knowledge/thingsboard/ce/api/circuitpython-client-sdk.md,api,imported-selective,raw-github-master
_includes/docs/reference/coap-api.md,knowledge/thingsboard/ce/api/coap-api.md,api,imported-selective,raw-github-master
_includes/docs/reference/gateway-mqtt-api.md,knowledge/thingsboard/ce/api/gateway-mqtt-api.md,api,imported-selective,raw-github-master
_includes/docs/reference/http-api.md,knowledge/thingsboard/ce/api/http-api.md,api,imported-selective,raw-github-master
_includes/docs/reference/iot-platform-deployment-scenarios.md,knowledge/thingsboard/ce/api/iot-platform-deployment-scenarios.md,api,imported-selective,raw-github-master
_includes/docs/reference/lwm2m-api.md,knowledge/thingsboard/ce/api/lwm2m-api.md,api,imported-selective,raw-github-master
_includes/docs/reference/mcp-server.md,knowledge/thingsboard/ce/api/mcp-server.md,api,imported-selective,raw-github-master
_includes/docs/reference/micropython-client-sdk.md,knowledge/thingsboard/ce/api/micropython-client-sdk.md,api,imported-selective,raw-github-master
_includes/docs/reference/monolithic.md,knowledge/thingsboard/ce/api/monolithic.md,api,imported-selective,raw-github-master
_includes/docs/reference/mqtt-api.md,knowledge/thingsboard/ce/api/mqtt-api.md,api,imported-selective,raw-github-master
_includes/docs/reference/mqtt-sparkplug-api.md,knowledge/thingsboard/ce/api/mqtt-sparkplug-api.md,api,imported-selective,raw-github-master
_includes/docs/reference/msa.md,knowledge/thingsboard/ce/api/msa.md,api,imported-selective,raw-github-master
_includes/docs/reference/performance-aws-instances.md,knowledge/thingsboard/ce/api/performance-aws-instances.md,api,imported-selective,raw-github-master
_includes/docs/reference/performance/performance-challenge-1m-connections-unrouted.md,knowledge/thingsboard/ce/api/performance/performance-challenge-1m-connections-unrouted.md,api,imported-selective,raw-github-master
_includes/docs/reference/performance/performance-test-experiments-unrouted.md,knowledge/thingsboard/ce/api/performance/performance-test-experiments-unrouted.md,api,imported-selective,raw-github-master
_includes/docs/reference/performance/performance-test-tool.md,knowledge/thingsboard/ce/api/performance/performance-test-tool.md,api,imported-selective,raw-github-master
_includes/docs/reference/performance/setup-aws-instances.md,knowledge/thingsboard/ce/api/performance/setup-aws-instances.md,api,imported-selective,raw-github-master
_includes/docs/reference/performance/tools/java-jmx-monitoring.md,knowledge/thingsboard/ce/api/performance/tools/java-jmx-monitoring.md,api,imported-selective,raw-github-master
_includes/docs/reference/performance/tools/postgres-pgadmin-monitoring.md,knowledge/thingsboard/ce/api/performance/tools/postgres-pgadmin-monitoring.md,api,imported-selective,raw-github-master
_includes/docs/reference/performance/tools/thingsboard-performance-charts.md,knowledge/thingsboard/ce/api/performance/tools/thingsboard-performance-charts.md,api,imported-selective,raw-github-master
_includes/docs/reference/protocols.md,knowledge/thingsboard/ce/api/protocols.md,api,imported-selective,raw-github-master
_includes/docs/reference/python-client-sdk.md,knowledge/thingsboard/ce/api/python-client-sdk.md,api,imported-selective,raw-github-master
_includes/docs/reference/python-rest-client.md,knowledge/thingsboard/ce/api/python-rest-client.md,api,imported-selective,raw-github-master
_includes/docs/reference/rest-api.md,knowledge/thingsboard/ce/api/rest-api.md,api,imported-selective,raw-github-master
_includes/docs/reference/snmp-api.md,knowledge/thingsboard/ce/api/snmp-api.md,api,imported-selective,raw-github-master
_includes/docs/tutorials/create-clear-alarms.md,knowledge/thingsboard/ce/tutorials/create-clear-alarms.md,tutorials,imported-selective,raw-github-master
_includes/docs/tutorials/function-based-on-telemetry-from-two-devices.md,knowledge/thingsboard/ce/tutorials/function-based-on-telemetry-from-two-devices.md,tutorials,imported-selective,raw-github-master
_includes/docs/tutorials/send-email.md,knowledge/thingsboard/ce/tutorials/send-email.md,tutorials,imported-selective,raw-github-master
_includes/docs/tutorials/telemetry-delta-calculation.md,knowledge/thingsboard/ce/tutorials/telemetry-delta-calculation.md,tutorials,imported-selective,raw-github-master
_includes/docs/tutorials/validate-incoming-telemetry.md,knowledge/thingsboard/ce/tutorials/validate-incoming-telemetry.md,tutorials,imported-selective,raw-github-master
_includes/docs/user-guide/access-token.md,knowledge/thingsboard/ce/user-guide/access-token.md,user-guide,imported-selective,raw-github-master
_includes/docs/user-guide/advanced-filters.md,knowledge/thingsboard/ce/user-guide/advanced-filters.md,user-guide,imported-selective,raw-github-master
_includes/docs/user-guide/advanced-guides-for-working-with-dashboard/advanced-dashboard-guide-lesson-1.md,knowledge/thingsboard/ce/user-guide/advanced-guides-for-working-with-dashboard/advanced-dashboard-guide-lesson-1.md,user-guide,imported-selective,raw-github-master
_includes/docs/user-guide/advanced-guides-for-working-with-dashboard/advanced-dashboard-guide-lesson-2.md,knowledge/thingsboard/ce/user-guide/advanced-guides-for-working-with-dashboard/advanced-dashboard-guide-lesson-2.md,user-guide,imported-selective,raw-github-master
_includes/docs/user-guide/advanced-guides-for-working-with-dashboard/advanced-dashboard-guide-lesson-3.md,knowledge/thingsboard/ce/user-guide/advanced-guides-for-working-with-dashboard/advanced-dashboard-guide-lesson-3.md,user-guide,imported-selective,raw-github-master
_includes/docs/user-guide/advanced-guides-for-working-with-dashboard/advanced-dashboard-guide-lesson-4.md,knowledge/thingsboard/ce/user-guide/advanced-guides-for-working-with-dashboard/advanced-dashboard-guide-lesson-4.md,user-guide,imported-selective,raw-github-master
_includes/docs/user-guide/advanced-guides-for-working-with-dashboard/advanced-dashboard-guide-lesson-5.md,knowledge/thingsboard/ce/user-guide/advanced-guides-for-working-with-dashboard/advanced-dashboard-guide-lesson-5.md,user-guide,imported-selective,raw-github-master
_includes/docs/user-guide/alarm-rules.md,knowledge/thingsboard/ce/user-guide/alarm-rules.md,user-guide,imported-selective,raw-github-master
_includes/docs/user-guide/alarms.md,knowledge/thingsboard/ce/user-guide/alarms.md,user-guide,imported-selective,raw-github-master
_includes/docs/user-guide/api-limits.md,knowledge/thingsboard/ce/user-guide/api-limits.md,user-guide,imported-selective,raw-github-master
_includes/docs/user-guide/asset-profiles.md,knowledge/thingsboard/ce/user-guide/asset-profiles.md,user-guide,imported-selective,raw-github-master
_includes/docs/user-guide/attributes.md,knowledge/thingsboard/ce/user-guide/attributes.md,user-guide,imported-selective,raw-github-master
_includes/docs/user-guide/audit-log.md,knowledge/thingsboard/ce/user-guide/audit-log.md,user-guide,imported-selective,raw-github-master
_includes/docs/user-guide/basic-mqtt.md,knowledge/thingsboard/ce/user-guide/basic-mqtt.md,user-guide,imported-selective,raw-github-master
_includes/docs/user-guide/bulk-provisioning.md,knowledge/thingsboard/ce/user-guide/bulk-provisioning.md,user-guide,imported-selective,raw-github-master
_includes/docs/user-guide/calculated-fields/blocks/creating-calculated-field.md,knowledge/thingsboard/ce/user-guide/calculated-fields/blocks/creating-calculated-field.md,user-guide,imported-selective,raw-github-master
_includes/docs/user-guide/calculated-fields/blocks/output-strategy.md,knowledge/thingsboard/ce/user-guide/calculated-fields/blocks/output-strategy.md,user-guide,imported-selective,raw-github-master
_includes/docs/user-guide/calculated-fields/blocks/script-calculation.md,knowledge/thingsboard/ce/user-guide/calculated-fields/blocks/script-calculation.md,user-guide,imported-selective,raw-github-master
_includes/docs/user-guide/calculated-fields/geofencing-calculated-field.md,knowledge/thingsboard/ce/user-guide/calculated-fields/geofencing-calculated-field.md,user-guide,imported-selective,raw-github-master
_includes/docs/user-guide/calculated-fields/index.md,knowledge/thingsboard/ce/user-guide/calculated-fields/index.md,user-guide,imported-selective,raw-github-master
_includes/docs/user-guide/calculated-fields/propagation-calculated-field.md,knowledge/thingsboard/ce/user-guide/calculated-fields/propagation-calculated-field.md,user-guide,imported-selective,raw-github-master
_includes/docs/user-guide/calculated-fields/related-entities-aggregation-calculated-field.md,knowledge/thingsboard/ce/user-guide/calculated-fields/related-entities-aggregation-calculated-field.md,user-guide,imported-selective,raw-github-master
_includes/docs/user-guide/calculated-fields/script-calculated-field.md,knowledge/thingsboard/ce/user-guide/calculated-fields/script-calculated-field.md,user-guide,imported-selective,raw-github-master
_includes/docs/user-guide/calculated-fields/simple-calculated-field.md,knowledge/thingsboard/ce/user-guide/calculated-fields/simple-calculated-field.md,user-guide,imported-selective,raw-github-master
_includes/docs/user-guide/calculated-fields/time-series-data-aggregation-calculated-field.md,knowledge/thingsboard/ce/user-guide/calculated-fields/time-series-data-aggregation-calculated-field.md,user-guide,imported-selective,raw-github-master
_includes/docs/user-guide/certificates.md,knowledge/thingsboard/ce/user-guide/certificates.md,user-guide,imported-selective,raw-github-master
_includes/docs/user-guide/claiming-devices.md,knowledge/thingsboard/ce/user-guide/claiming-devices.md,user-guide,imported-selective,raw-github-master
_includes/docs/user-guide/cloud-access-token.md,knowledge/thingsboard/ce/user-guide/cloud-access-token.md,user-guide,imported-selective,raw-github-master
_includes/docs/user-guide/contribution/how-to-contribute-your-device-integration-guide.md,knowledge/thingsboard/ce/user-guide/contribution/how-to-contribute-your-device-integration-guide.md,user-guide,imported-selective,raw-github-master
_includes/docs/user-guide/contribution/rule-node-development.md,knowledge/thingsboard/ce/user-guide/contribution/rule-node-development.md,user-guide,imported-selective,raw-github-master
_includes/docs/user-guide/contribution/ui/advanced-development.md,knowledge/thingsboard/ce/user-guide/contribution/ui/advanced-development.md,user-guide,imported-selective,raw-github-master
_includes/docs/user-guide/contribution/ui/basic-widget-api.md,knowledge/thingsboard/ce/user-guide/contribution/ui/basic-widget-api.md,user-guide,imported-selective,raw-github-master
_includes/docs/user-guide/contribution/ui/custom-subscriptions.md,knowledge/thingsboard/ce/user-guide/contribution/ui/custom-subscriptions.md,user-guide,imported-selective,raw-github-master
_includes/docs/user-guide/contribution/widgets-development.md,knowledge/thingsboard/ce/user-guide/contribution/widgets-development.md,user-guide,imported-selective,raw-github-master
_includes/docs/user-guide/customization.md,knowledge/thingsboard/ce/user-guide/customization.md,user-guide,imported-selective,raw-github-master
_includes/docs/user-guide/dashboards.md,knowledge/thingsboard/ce/user-guide/dashboards.md,user-guide,imported-selective,raw-github-master
_includes/docs/user-guide/device-connectivity-status.md,knowledge/thingsboard/ce/user-guide/device-connectivity-status.md,user-guide,imported-selective,raw-github-master
_includes/docs/user-guide/device-credentials.md,knowledge/thingsboard/ce/user-guide/device-credentials.md,user-guide,imported-selective,raw-github-master
_includes/docs/user-guide/device-profiles.md,knowledge/thingsboard/ce/user-guide/device-profiles.md,user-guide,imported-selective,raw-github-master
_includes/docs/user-guide/device-provisioning.md,knowledge/thingsboard/ce/user-guide/device-provisioning.md,user-guide,imported-selective,raw-github-master
_includes/docs/user-guide/entities-and-relations.md,knowledge/thingsboard/ce/user-guide/entities-and-relations.md,user-guide,imported-selective,raw-github-master
_includes/docs/user-guide/entity-views.md,knowledge/thingsboard/ce/user-guide/entity-views.md,user-guide,imported-selective,raw-github-master
_includes/docs/user-guide/image-gallery.md,knowledge/thingsboard/ce/user-guide/image-gallery.md,user-guide,imported-selective,raw-github-master
_includes/docs/user-guide/install/cluster/aws-eks-setup.md,knowledge/thingsboard/ce/user-guide/install/cluster/aws-eks-setup.md,user-guide,imported-selective,raw-github-master
_includes/docs/user-guide/install/cluster/azure-aks-setup.md,knowledge/thingsboard/ce/user-guide/install/cluster/azure-aks-setup.md,user-guide,imported-selective,raw-github-master
_includes/docs/user-guide/install/coap-transport-config.md,knowledge/thingsboard/ce/user-guide/install/coap-transport-config.md,user-guide,imported-selective,raw-github-master
_includes/docs/user-guide/install/coap-transport.md,knowledge/thingsboard/ce/user-guide/install/coap-transport.md,user-guide,imported-selective,raw-github-master
_includes/docs/user-guide/install/configure-edge-haproxy-tls.md,knowledge/thingsboard/ce/user-guide/install/configure-edge-haproxy-tls.md,user-guide,imported-selective,raw-github-master
_includes/docs/user-guide/install/core-rule-engine-config.md,knowledge/thingsboard/ce/user-guide/install/core-rule-engine-config.md,user-guide,imported-selective,raw-github-master
_includes/docs/user-guide/install/docker-compose-upgrade-steps-fromversion.md,knowledge/thingsboard/ce/user-guide/install/docker-compose-upgrade-steps-fromversion.md,user-guide,imported-selective,raw-github-master
_includes/docs/user-guide/install/docker-compose-upgrade-steps.md,knowledge/thingsboard/ce/user-guide/install/docker-compose-upgrade-steps.md,user-guide,imported-selective,raw-github-master
_includes/docs/user-guide/install/docker-upgrade-steps.md,knowledge/thingsboard/ce/user-guide/install/docker-upgrade-steps.md,user-guide,imported-selective,raw-github-master
_includes/docs/user-guide/install/how-to-change-config.md,knowledge/thingsboard/ce/user-guide/install/how-to-change-config.md,user-guide,imported-selective,raw-github-master
_includes/docs/user-guide/install/http-transport-config.md,knowledge/thingsboard/ce/user-guide/install/http-transport-config.md,user-guide,imported-selective,raw-github-master
_includes/docs/user-guide/install/http-transport.md,knowledge/thingsboard/ce/user-guide/install/http-transport.md,user-guide,imported-selective,raw-github-master
_includes/docs/user-guide/install/license-parameters.md,knowledge/thingsboard/ce/user-guide/install/license-parameters.md,user-guide,imported-selective,raw-github-master
_includes/docs/user-guide/install/lwm2m-transport-config.md,knowledge/thingsboard/ce/user-guide/install/lwm2m-transport-config.md,user-guide,imported-selective,raw-github-master
_includes/docs/user-guide/install/lwm2m-transport.md,knowledge/thingsboard/ce/user-guide/install/lwm2m-transport.md,user-guide,imported-selective,raw-github-master
_includes/docs/user-guide/install/mqtt-transport-config.md,knowledge/thingsboard/ce/user-guide/install/mqtt-transport-config.md,user-guide,imported-selective,raw-github-master
_includes/docs/user-guide/install/mqtt-transport.md,knowledge/thingsboard/ce/user-guide/install/mqtt-transport.md,user-guide,imported-selective,raw-github-master
_includes/docs/user-guide/install/new-docker-compose-upgrade-steps.md,knowledge/thingsboard/ce/user-guide/install/new-docker-compose-upgrade-steps.md,user-guide,imported-selective,raw-github-master
_includes/docs/user-guide/install/new-docker-upgrade-steps.md,knowledge/thingsboard/ce/user-guide/install/new-docker-upgrade-steps.md,user-guide,imported-selective,raw-github-master
_includes/docs/user-guide/install/platform-integrations-and-reports-parameters.md,knowledge/thingsboard/ce/user-guide/install/platform-integrations-and-reports-parameters.md,user-guide,imported-selective,raw-github-master
_includes/docs/user-guide/install/queue-parameters.md,knowledge/thingsboard/ce/user-guide/install/queue-parameters.md,user-guide,imported-selective,raw-github-master
_includes/docs/user-guide/install/redis-config.md,knowledge/thingsboard/ce/user-guide/install/redis-config.md,user-guide,imported-selective,raw-github-master
_includes/docs/user-guide/install/service-metrics-management-parameters-for-mqtt-http-snmp-lwm2m-coap.md,knowledge/thingsboard/ce/user-guide/install/service-metrics-management-parameters-for-mqtt-http-snmp-lwm2m-coap.md,user-guide,imported-selective,raw-github-master
_includes/docs/user-guide/install/snmp-transport-config.md,knowledge/thingsboard/ce/user-guide/install/snmp-transport-config.md,user-guide,imported-selective,raw-github-master
_includes/docs/user-guide/install/snmp-transport.md,knowledge/thingsboard/ce/user-guide/install/snmp-transport.md,user-guide,imported-selective,raw-github-master
_includes/docs/user-guide/install/transport-sessions-json-client_side_rpc-api_enabled-log-stats-parameters.md,knowledge/thingsboard/ce/user-guide/install/transport-sessions-json-client_side_rpc-api_enabled-log-stats-parameters.md,user-guide,imported-selective,raw-github-master
_includes/docs/user-guide/install/vc-executor-config.md,knowledge/thingsboard/ce/user-guide/install/vc-executor-config.md,user-guide,imported-selective,raw-github-master
_includes/docs/user-guide/install/version-control.md,knowledge/thingsboard/ce/user-guide/install/version-control.md,user-guide,imported-selective,raw-github-master
_includes/docs/user-guide/install/zookeeper-config.md,knowledge/thingsboard/ce/user-guide/install/zookeeper-config.md,user-guide,imported-selective,raw-github-master
_includes/docs/user-guide/mqtt-retransmission-mechanism.md,knowledge/thingsboard/ce/user-guide/mqtt-retransmission-mechanism.md,user-guide,imported-selective,raw-github-master
_includes/docs/user-guide/notifications.md,knowledge/thingsboard/ce/user-guide/notifications.md,user-guide,imported-selective,raw-github-master
_includes/docs/user-guide/oauth-2-support.md,knowledge/thingsboard/ce/user-guide/oauth-2-support.md,user-guide,imported-selective,raw-github-master
_includes/docs/user-guide/ota-updates.md,knowledge/thingsboard/ce/user-guide/ota-updates.md,user-guide,imported-selective,raw-github-master
_includes/docs/user-guide/psm.md,knowledge/thingsboard/ce/user-guide/psm.md,user-guide,imported-selective,raw-github-master
_includes/docs/user-guide/reporting/attaching-report-to-notification.md,knowledge/thingsboard/ce/user-guide/reporting/attaching-report-to-notification.md,user-guide,imported-selective,raw-github-master
_includes/docs/user-guide/reporting/embedding-charts.md,knowledge/thingsboard/ce/user-guide/reporting/embedding-charts.md,user-guide,imported-selective,raw-github-master
_includes/docs/user-guide/reporting/embedding-dashboards-widgets.md,knowledge/thingsboard/ce/user-guide/reporting/embedding-dashboards-widgets.md,user-guide,imported-selective,raw-github-master
_includes/docs/user-guide/reporting/reporting-getting-started.md,knowledge/thingsboard/ce/user-guide/reporting/reporting-getting-started.md,user-guide,imported-selective,raw-github-master
_includes/docs/user-guide/reporting/reporting-key-concepts.md,knowledge/thingsboard/ce/user-guide/reporting/reporting-key-concepts.md,user-guide,imported-selective,raw-github-master
_includes/docs/user-guide/reporting/scheduling-reports.md,knowledge/thingsboard/ce/user-guide/reporting/scheduling-reports.md,user-guide,imported-selective,raw-github-master
_includes/docs/user-guide/reporting/subreport.md,knowledge/thingsboard/ce/user-guide/reporting/subreport.md,user-guide,imported-selective,raw-github-master
_includes/docs/user-guide/rpc.md,knowledge/thingsboard/ce/user-guide/rpc.md,user-guide,imported-selective,raw-github-master
_includes/docs/user-guide/rule-engine-2-0/advanced-processing-strategies-hazards.md,knowledge/thingsboard/ce/user-guide/rule-engine-2-0/advanced-processing-strategies-hazards.md,user-guide,imported-selective,raw-github-master
_includes/docs/user-guide/rule-engine-2-0/nodes/action/add-to-group.md,knowledge/thingsboard/ce/user-guide/rule-engine-2-0/nodes/action/add-to-group.md,user-guide,imported-selective,raw-github-master
_includes/docs/user-guide/rule-engine-2-0/nodes/action/assign-to-customer.md,knowledge/thingsboard/ce/user-guide/rule-engine-2-0/nodes/action/assign-to-customer.md,user-guide,imported-selective,raw-github-master
_includes/docs/user-guide/rule-engine-2-0/nodes/action/calculated-fields.md,knowledge/thingsboard/ce/user-guide/rule-engine-2-0/nodes/action/calculated-fields.md,user-guide,imported-selective,raw-github-master
_includes/docs/user-guide/rule-engine-2-0/nodes/action/change-owner.md,knowledge/thingsboard/ce/user-guide/rule-engine-2-0/nodes/action/change-owner.md,user-guide,imported-selective,raw-github-master
_includes/docs/user-guide/rule-engine-2-0/nodes/action/clear-alarm.md,knowledge/thingsboard/ce/user-guide/rule-engine-2-0/nodes/action/clear-alarm.md,user-guide,imported-selective,raw-github-master
_includes/docs/user-guide/rule-engine-2-0/nodes/action/copy-to-view.md,knowledge/thingsboard/ce/user-guide/rule-engine-2-0/nodes/action/copy-to-view.md,user-guide,imported-selective,raw-github-master
_includes/docs/user-guide/rule-engine-2-0/nodes/action/create-alarm.md,knowledge/thingsboard/ce/user-guide/rule-engine-2-0/nodes/action/create-alarm.md,user-guide,imported-selective,raw-github-master
_includes/docs/user-guide/rule-engine-2-0/nodes/action/create-relation.md,knowledge/thingsboard/ce/user-guide/rule-engine-2-0/nodes/action/create-relation.md,user-guide,imported-selective,raw-github-master
_includes/docs/user-guide/rule-engine-2-0/nodes/action/delay.md,knowledge/thingsboard/ce/user-guide/rule-engine-2-0/nodes/action/delay.md,user-guide,imported-selective,raw-github-master
_includes/docs/user-guide/rule-engine-2-0/nodes/action/delete-attributes.md,knowledge/thingsboard/ce/user-guide/rule-engine-2-0/nodes/action/delete-attributes.md,user-guide,imported-selective,raw-github-master
_includes/docs/user-guide/rule-engine-2-0/nodes/action/delete-relation.md,knowledge/thingsboard/ce/user-guide/rule-engine-2-0/nodes/action/delete-relation.md,user-guide,imported-selective,raw-github-master
_includes/docs/user-guide/rule-engine-2-0/nodes/action/device-profile.md,knowledge/thingsboard/ce/user-guide/rule-engine-2-0/nodes/action/device-profile.md,user-guide,imported-selective,raw-github-master
_includes/docs/user-guide/rule-engine-2-0/nodes/action/device-state.md,knowledge/thingsboard/ce/user-guide/rule-engine-2-0/nodes/action/device-state.md,user-guide,imported-selective,raw-github-master
_includes/docs/user-guide/rule-engine-2-0/nodes/action/generate-dashboard-report.md,knowledge/thingsboard/ce/user-guide/rule-engine-2-0/nodes/action/generate-dashboard-report.md,user-guide,imported-selective,raw-github-master
_includes/docs/user-guide/rule-engine-2-0/nodes/action/generate-report.md,knowledge/thingsboard/ce/user-guide/rule-engine-2-0/nodes/action/generate-report.md,user-guide,imported-selective,raw-github-master
_includes/docs/user-guide/rule-engine-2-0/nodes/action/generator.md,knowledge/thingsboard/ce/user-guide/rule-engine-2-0/nodes/action/generator.md,user-guide,imported-selective,raw-github-master
_includes/docs/user-guide/rule-engine-2-0/nodes/action/gps-geofencing-events.md,knowledge/thingsboard/ce/user-guide/rule-engine-2-0/nodes/action/gps-geofencing-events.md,user-guide,imported-selective,raw-github-master
_includes/docs/user-guide/rule-engine-2-0/nodes/action/index.md,knowledge/thingsboard/ce/user-guide/rule-engine-2-0/nodes/action/index.md,user-guide,imported-selective,raw-github-master
_includes/docs/user-guide/rule-engine-2-0/nodes/action/integration-downlink.md,knowledge/thingsboard/ce/user-guide/rule-engine-2-0/nodes/action/integration-downlink.md,user-guide,imported-selective,raw-github-master
_includes/docs/user-guide/rule-engine-2-0/nodes/action/log.md,knowledge/thingsboard/ce/user-guide/rule-engine-2-0/nodes/action/log.md,user-guide,imported-selective,raw-github-master
_includes/docs/user-guide/rule-engine-2-0/nodes/action/math-function.md,knowledge/thingsboard/ce/user-guide/rule-engine-2-0/nodes/action/math-function.md,user-guide,imported-selective,raw-github-master
_includes/docs/user-guide/rule-engine-2-0/nodes/action/message-count.md,knowledge/thingsboard/ce/user-guide/rule-engine-2-0/nodes/action/message-count.md,user-guide,imported-selective,raw-github-master
_includes/docs/user-guide/rule-engine-2-0/nodes/action/push-to-cloud.md,knowledge/thingsboard/ce/user-guide/rule-engine-2-0/nodes/action/push-to-cloud.md,user-guide,imported-selective,raw-github-master
_includes/docs/user-guide/rule-engine-2-0/nodes/action/push-to-edge.md,knowledge/thingsboard/ce/user-guide/rule-engine-2-0/nodes/action/push-to-edge.md,user-guide,imported-selective,raw-github-master
_includes/docs/user-guide/rule-engine-2-0/nodes/action/remove-from-group.md,knowledge/thingsboard/ce/user-guide/rule-engine-2-0/nodes/action/remove-from-group.md,user-guide,imported-selective,raw-github-master
_includes/docs/user-guide/rule-engine-2-0/nodes/action/rest-call-reply.md,knowledge/thingsboard/ce/user-guide/rule-engine-2-0/nodes/action/rest-call-reply.md,user-guide,imported-selective,raw-github-master
_includes/docs/user-guide/rule-engine-2-0/nodes/action/rpc-call-reply.md,knowledge/thingsboard/ce/user-guide/rule-engine-2-0/nodes/action/rpc-call-reply.md,user-guide,imported-selective,raw-github-master
_includes/docs/user-guide/rule-engine-2-0/nodes/action/rpc-call-request.md,knowledge/thingsboard/ce/user-guide/rule-engine-2-0/nodes/action/rpc-call-request.md,user-guide,imported-selective,raw-github-master
_includes/docs/user-guide/rule-engine-2-0/nodes/action/save-attributes.md,knowledge/thingsboard/ce/user-guide/rule-engine-2-0/nodes/action/save-attributes.md,user-guide,imported-selective,raw-github-master
_includes/docs/user-guide/rule-engine-2-0/nodes/action/save-timeseries.md,knowledge/thingsboard/ce/user-guide/rule-engine-2-0/nodes/action/save-timeseries.md,user-guide,imported-selective,raw-github-master
_includes/docs/user-guide/rule-engine-2-0/nodes/action/save-to-custom-table.md,knowledge/thingsboard/ce/user-guide/rule-engine-2-0/nodes/action/save-to-custom-table.md,user-guide,imported-selective,raw-github-master
_includes/docs/user-guide/rule-engine-2-0/nodes/action/unassign-from-customer.md,knowledge/thingsboard/ce/user-guide/rule-engine-2-0/nodes/action/unassign-from-customer.md,user-guide,imported-selective,raw-github-master
_includes/docs/user-guide/rule-engine-2-0/nodes/analytics/aggregate-latest.md,knowledge/thingsboard/ce/user-guide/rule-engine-2-0/nodes/analytics/aggregate-latest.md,user-guide,imported-selective,raw-github-master
_includes/docs/user-guide/rule-engine-2-0/nodes/analytics/aggregate-stream.md,knowledge/thingsboard/ce/user-guide/rule-engine-2-0/nodes/analytics/aggregate-stream.md,user-guide,imported-selective,raw-github-master
_includes/docs/user-guide/rule-engine-2-0/nodes/analytics/alarms-count-deprecated.md,knowledge/thingsboard/ce/user-guide/rule-engine-2-0/nodes/analytics/alarms-count-deprecated.md,user-guide,imported-selective,raw-github-master
_includes/docs/user-guide/rule-engine-2-0/nodes/analytics/alarms-count.md,knowledge/thingsboard/ce/user-guide/rule-engine-2-0/nodes/analytics/alarms-count.md,user-guide,imported-selective,raw-github-master
_includes/docs/user-guide/rule-engine-2-0/nodes/analytics/index.md,knowledge/thingsboard/ce/user-guide/rule-engine-2-0/nodes/analytics/index.md,user-guide,imported-selective,raw-github-master
_includes/docs/user-guide/rule-engine-2-0/nodes/enrichment/calculate-delta.md,knowledge/thingsboard/ce/user-guide/rule-engine-2-0/nodes/enrichment/calculate-delta.md,user-guide,imported-selective,raw-github-master
_includes/docs/user-guide/rule-engine-2-0/nodes/enrichment/customer-attributes.md,knowledge/thingsboard/ce/user-guide/rule-engine-2-0/nodes/enrichment/customer-attributes.md,user-guide,imported-selective,raw-github-master
_includes/docs/user-guide/rule-engine-2-0/nodes/enrichment/customer-details.md,knowledge/thingsboard/ce/user-guide/rule-engine-2-0/nodes/enrichment/customer-details.md,user-guide,imported-selective,raw-github-master
_includes/docs/user-guide/rule-engine-2-0/nodes/enrichment/fetch-device-credentials.md,knowledge/thingsboard/ce/user-guide/rule-engine-2-0/nodes/enrichment/fetch-device-credentials.md,user-guide,imported-selective,raw-github-master
_includes/docs/user-guide/rule-engine-2-0/nodes/enrichment/index.md,knowledge/thingsboard/ce/user-guide/rule-engine-2-0/nodes/enrichment/index.md,user-guide,imported-selective,raw-github-master
_includes/docs/user-guide/rule-engine-2-0/nodes/enrichment/originator-attributes.md,knowledge/thingsboard/ce/user-guide/rule-engine-2-0/nodes/enrichment/originator-attributes.md,user-guide,imported-selective,raw-github-master
_includes/docs/user-guide/rule-engine-2-0/nodes/enrichment/originator-fields.md,knowledge/thingsboard/ce/user-guide/rule-engine-2-0/nodes/enrichment/originator-fields.md,user-guide,imported-selective,raw-github-master
_includes/docs/user-guide/rule-engine-2-0/nodes/enrichment/originator-telemetry.md,knowledge/thingsboard/ce/user-guide/rule-engine-2-0/nodes/enrichment/originator-telemetry.md,user-guide,imported-selective,raw-github-master
_includes/docs/user-guide/rule-engine-2-0/nodes/enrichment/related-device-attributes.md,knowledge/thingsboard/ce/user-guide/rule-engine-2-0/nodes/enrichment/related-device-attributes.md,user-guide,imported-selective,raw-github-master
_includes/docs/user-guide/rule-engine-2-0/nodes/enrichment/related-entity-data.md,knowledge/thingsboard/ce/user-guide/rule-engine-2-0/nodes/enrichment/related-entity-data.md,user-guide,imported-selective,raw-github-master
_includes/docs/user-guide/rule-engine-2-0/nodes/enrichment/tenant-attributes.md,knowledge/thingsboard/ce/user-guide/rule-engine-2-0/nodes/enrichment/tenant-attributes.md,user-guide,imported-selective,raw-github-master
_includes/docs/user-guide/rule-engine-2-0/nodes/enrichment/tenant-details.md,knowledge/thingsboard/ce/user-guide/rule-engine-2-0/nodes/enrichment/tenant-details.md,user-guide,imported-selective,raw-github-master
_includes/docs/user-guide/rule-engine-2-0/nodes/external/ai-request.md,knowledge/thingsboard/ce/user-guide/rule-engine-2-0/nodes/external/ai-request.md,user-guide,imported-selective,raw-github-master
_includes/docs/user-guide/rule-engine-2-0/nodes/external/aws-lambda.md,knowledge/thingsboard/ce/user-guide/rule-engine-2-0/nodes/external/aws-lambda.md,user-guide,imported-selective,raw-github-master
_includes/docs/user-guide/rule-engine-2-0/nodes/external/aws-sns.md,knowledge/thingsboard/ce/user-guide/rule-engine-2-0/nodes/external/aws-sns.md,user-guide,imported-selective,raw-github-master
_includes/docs/user-guide/rule-engine-2-0/nodes/external/aws-sqs.md,knowledge/thingsboard/ce/user-guide/rule-engine-2-0/nodes/external/aws-sqs.md,user-guide,imported-selective,raw-github-master
_includes/docs/user-guide/rule-engine-2-0/nodes/external/azure-iot-hub.md,knowledge/thingsboard/ce/user-guide/rule-engine-2-0/nodes/external/azure-iot-hub.md,user-guide,imported-selective,raw-github-master
_includes/docs/user-guide/rule-engine-2-0/nodes/external/gcp-pubsub.md,knowledge/thingsboard/ce/user-guide/rule-engine-2-0/nodes/external/gcp-pubsub.md,user-guide,imported-selective,raw-github-master
_includes/docs/user-guide/rule-engine-2-0/nodes/external/index.md,knowledge/thingsboard/ce/user-guide/rule-engine-2-0/nodes/external/index.md,user-guide,imported-selective,raw-github-master
_includes/docs/user-guide/rule-engine-2-0/nodes/external/kafka.md,knowledge/thingsboard/ce/user-guide/rule-engine-2-0/nodes/external/kafka.md,user-guide,imported-selective,raw-github-master
_includes/docs/user-guide/rule-engine-2-0/nodes/external/mqtt.md,knowledge/thingsboard/ce/user-guide/rule-engine-2-0/nodes/external/mqtt.md,user-guide,imported-selective,raw-github-master
_includes/docs/user-guide/rule-engine-2-0/nodes/external/rabbitmq.md,knowledge/thingsboard/ce/user-guide/rule-engine-2-0/nodes/external/rabbitmq.md,user-guide,imported-selective,raw-github-master
_includes/docs/user-guide/rule-engine-2-0/nodes/external/rest-api-call.md,knowledge/thingsboard/ce/user-guide/rule-engine-2-0/nodes/external/rest-api-call.md,user-guide,imported-selective,raw-github-master
_includes/docs/user-guide/rule-engine-2-0/nodes/external/send-email.md,knowledge/thingsboard/ce/user-guide/rule-engine-2-0/nodes/external/send-email.md,user-guide,imported-selective,raw-github-master
_includes/docs/user-guide/rule-engine-2-0/nodes/external/send-notification.md,knowledge/thingsboard/ce/user-guide/rule-engine-2-0/nodes/external/send-notification.md,user-guide,imported-selective,raw-github-master
_includes/docs/user-guide/rule-engine-2-0/nodes/external/send-sms.md,knowledge/thingsboard/ce/user-guide/rule-engine-2-0/nodes/external/send-sms.md,user-guide,imported-selective,raw-github-master
_includes/docs/user-guide/rule-engine-2-0/nodes/external/send-to-slack.md,knowledge/thingsboard/ce/user-guide/rule-engine-2-0/nodes/external/send-to-slack.md,user-guide,imported-selective,raw-github-master
_includes/docs/user-guide/rule-engine-2-0/nodes/external/twilio-sms.md,knowledge/thingsboard/ce/user-guide/rule-engine-2-0/nodes/external/twilio-sms.md,user-guide,imported-selective,raw-github-master
_includes/docs/user-guide/rule-engine-2-0/nodes/external/twilio-voice.md,knowledge/thingsboard/ce/user-guide/rule-engine-2-0/nodes/external/twilio-voice.md,user-guide,imported-selective,raw-github-master
_includes/docs/user-guide/rule-engine-2-0/nodes/filter/alarm-status-filter.md,knowledge/thingsboard/ce/user-guide/rule-engine-2-0/nodes/filter/alarm-status-filter.md,user-guide,imported-selective,raw-github-master
_includes/docs/user-guide/rule-engine-2-0/nodes/filter/asset-profile-switch.md,knowledge/thingsboard/ce/user-guide/rule-engine-2-0/nodes/filter/asset-profile-switch.md,user-guide,imported-selective,raw-github-master
_includes/docs/user-guide/rule-engine-2-0/nodes/filter/check-fields-presence.md,knowledge/thingsboard/ce/user-guide/rule-engine-2-0/nodes/filter/check-fields-presence.md,user-guide,imported-selective,raw-github-master
_includes/docs/user-guide/rule-engine-2-0/nodes/filter/check-relation-presence.md,knowledge/thingsboard/ce/user-guide/rule-engine-2-0/nodes/filter/check-relation-presence.md,user-guide,imported-selective,raw-github-master
_includes/docs/user-guide/rule-engine-2-0/nodes/filter/device-profile-switch.md,knowledge/thingsboard/ce/user-guide/rule-engine-2-0/nodes/filter/device-profile-switch.md,user-guide,imported-selective,raw-github-master
_includes/docs/user-guide/rule-engine-2-0/nodes/filter/entity-type-filter.md,knowledge/thingsboard/ce/user-guide/rule-engine-2-0/nodes/filter/entity-type-filter.md,user-guide,imported-selective,raw-github-master
_includes/docs/user-guide/rule-engine-2-0/nodes/filter/entity-type-switch.md,knowledge/thingsboard/ce/user-guide/rule-engine-2-0/nodes/filter/entity-type-switch.md,user-guide,imported-selective,raw-github-master
_includes/docs/user-guide/rule-engine-2-0/nodes/filter/gps-geofencing-filter.md,knowledge/thingsboard/ce/user-guide/rule-engine-2-0/nodes/filter/gps-geofencing-filter.md,user-guide,imported-selective,raw-github-master
_includes/docs/user-guide/rule-engine-2-0/nodes/filter/index.md,knowledge/thingsboard/ce/user-guide/rule-engine-2-0/nodes/filter/index.md,user-guide,imported-selective,raw-github-master
_includes/docs/user-guide/rule-engine-2-0/nodes/filter/message-type-filter.md,knowledge/thingsboard/ce/user-guide/rule-engine-2-0/nodes/filter/message-type-filter.md,user-guide,imported-selective,raw-github-master
_includes/docs/user-guide/rule-engine-2-0/nodes/filter/message-type-switch.md,knowledge/thingsboard/ce/user-guide/rule-engine-2-0/nodes/filter/message-type-switch.md,user-guide,imported-selective,raw-github-master
_includes/docs/user-guide/rule-engine-2-0/nodes/filter/script.md,knowledge/thingsboard/ce/user-guide/rule-engine-2-0/nodes/filter/script.md,user-guide,imported-selective,raw-github-master
_includes/docs/user-guide/rule-engine-2-0/nodes/filter/switch.md,knowledge/thingsboard/ce/user-guide/rule-engine-2-0/nodes/filter/switch.md,user-guide,imported-selective,raw-github-master
_includes/docs/user-guide/rule-engine-2-0/nodes/flow/acknowledge.md,knowledge/thingsboard/ce/user-guide/rule-engine-2-0/nodes/flow/acknowledge.md,user-guide,imported-selective,raw-github-master
_includes/docs/user-guide/rule-engine-2-0/nodes/flow/checkpoint.md,knowledge/thingsboard/ce/user-guide/rule-engine-2-0/nodes/flow/checkpoint.md,user-guide,imported-selective,raw-github-master
_includes/docs/user-guide/rule-engine-2-0/nodes/flow/index.md,knowledge/thingsboard/ce/user-guide/rule-engine-2-0/nodes/flow/index.md,user-guide,imported-selective,raw-github-master
_includes/docs/user-guide/rule-engine-2-0/nodes/flow/output.md,knowledge/thingsboard/ce/user-guide/rule-engine-2-0/nodes/flow/output.md,user-guide,imported-selective,raw-github-master
_includes/docs/user-guide/rule-engine-2-0/nodes/flow/rule-chain.md,knowledge/thingsboard/ce/user-guide/rule-engine-2-0/nodes/flow/rule-chain.md,user-guide,imported-selective,raw-github-master
_includes/docs/user-guide/rule-engine-2-0/nodes/index.md,knowledge/thingsboard/ce/user-guide/rule-engine-2-0/nodes/index.md,user-guide,imported-selective,raw-github-master
_includes/docs/user-guide/rule-engine-2-0/nodes/transformation/change-originator.md,knowledge/thingsboard/ce/user-guide/rule-engine-2-0/nodes/transformation/change-originator.md,user-guide,imported-selective,raw-github-master
_includes/docs/user-guide/rule-engine-2-0/nodes/transformation/copy-key-value-pairs.md,knowledge/thingsboard/ce/user-guide/rule-engine-2-0/nodes/transformation/copy-key-value-pairs.md,user-guide,imported-selective,raw-github-master
_includes/docs/user-guide/rule-engine-2-0/nodes/transformation/deduplication.md,knowledge/thingsboard/ce/user-guide/rule-engine-2-0/nodes/transformation/deduplication.md,user-guide,imported-selective,raw-github-master
_includes/docs/user-guide/rule-engine-2-0/nodes/transformation/delete-key-value-pairs.md,knowledge/thingsboard/ce/user-guide/rule-engine-2-0/nodes/transformation/delete-key-value-pairs.md,user-guide,imported-selective,raw-github-master
_includes/docs/user-guide/rule-engine-2-0/nodes/transformation/duplicate-to-group-by-name.md,knowledge/thingsboard/ce/user-guide/rule-engine-2-0/nodes/transformation/duplicate-to-group-by-name.md,user-guide,imported-selective,raw-github-master
_includes/docs/user-guide/rule-engine-2-0/nodes/transformation/duplicate-to-group.md,knowledge/thingsboard/ce/user-guide/rule-engine-2-0/nodes/transformation/duplicate-to-group.md,user-guide,imported-selective,raw-github-master
_includes/docs/user-guide/rule-engine-2-0/nodes/transformation/duplicate-to-related.md,knowledge/thingsboard/ce/user-guide/rule-engine-2-0/nodes/transformation/duplicate-to-related.md,user-guide,imported-selective,raw-github-master
_includes/docs/user-guide/rule-engine-2-0/nodes/transformation/index.md,knowledge/thingsboard/ce/user-guide/rule-engine-2-0/nodes/transformation/index.md,user-guide,imported-selective,raw-github-master
_includes/docs/user-guide/rule-engine-2-0/nodes/transformation/json-path.md,knowledge/thingsboard/ce/user-guide/rule-engine-2-0/nodes/transformation/json-path.md,user-guide,imported-selective,raw-github-master
_includes/docs/user-guide/rule-engine-2-0/nodes/transformation/rename-keys.md,knowledge/thingsboard/ce/user-guide/rule-engine-2-0/nodes/transformation/rename-keys.md,user-guide,imported-selective,raw-github-master
_includes/docs/user-guide/rule-engine-2-0/nodes/transformation/script.md,knowledge/thingsboard/ce/user-guide/rule-engine-2-0/nodes/transformation/script.md,user-guide,imported-selective,raw-github-master
_includes/docs/user-guide/rule-engine-2-0/nodes/transformation/split-array-msg.md,knowledge/thingsboard/ce/user-guide/rule-engine-2-0/nodes/transformation/split-array-msg.md,user-guide,imported-selective,raw-github-master
_includes/docs/user-guide/rule-engine-2-0/nodes/transformation/to-email.md,knowledge/thingsboard/ce/user-guide/rule-engine-2-0/nodes/transformation/to-email.md,user-guide,imported-selective,raw-github-master
_includes/docs/user-guide/rule-engine-2-0/overview.md,knowledge/thingsboard/ce/user-guide/rule-engine-2-0/overview.md,user-guide,imported-selective,raw-github-master
_includes/docs/user-guide/rule-engine-2-0/processing-strategies-explanation.md,knowledge/thingsboard/ce/user-guide/rule-engine-2-0/processing-strategies-explanation.md,user-guide,imported-selective,raw-github-master
_includes/docs/user-guide/rule-engine-2-0/re-getting-started.md,knowledge/thingsboard/ce/user-guide/rule-engine-2-0/re-getting-started.md,user-guide,imported-selective,raw-github-master
_includes/docs/user-guide/rule-engine-2-0/tutorials/integration-with-telegram-bot.md,knowledge/thingsboard/ce/user-guide/rule-engine-2-0/tutorials/integration-with-telegram-bot.md,user-guide,imported-selective,raw-github-master
_includes/docs/user-guide/rule-engine-2-0/tutorials/rpc-reply-tutorial.md,knowledge/thingsboard/ce/user-guide/rule-engine-2-0/tutorials/rpc-reply-tutorial.md,user-guide,imported-selective,raw-github-master
_includes/docs/user-guide/rule-engine-2-5/queues.md,knowledge/thingsboard/ce/user-guide/rule-engine-2-5/queues.md,user-guide,imported-selective,raw-github-master
_includes/docs/user-guide/rule-engine-2-5/tutorials/queues-for-message-reprocessing.md,knowledge/thingsboard/ce/user-guide/rule-engine-2-5/tutorials/queues-for-message-reprocessing.md,user-guide,imported-selective,raw-github-master
_includes/docs/user-guide/rule-engine-2-5/tutorials/queues-for-synchronization.md,knowledge/thingsboard/ce/user-guide/rule-engine-2-5/tutorials/queues-for-synchronization.md,user-guide,imported-selective,raw-github-master
_includes/docs/user-guide/scada.md,knowledge/thingsboard/ce/user-guide/scada.md,user-guide,imported-selective,raw-github-master
_includes/docs/user-guide/scada/scada-symbols-dev-guide.md,knowledge/thingsboard/ce/user-guide/scada/scada-symbols-dev-guide.md,user-guide,imported-selective,raw-github-master
_includes/docs/user-guide/security/api-keys.md,knowledge/thingsboard/ce/user-guide/security/api-keys.md,user-guide,imported-selective,raw-github-master
_includes/docs/user-guide/ssl/cloud-coap-access-token.md,knowledge/thingsboard/ce/user-guide/ssl/cloud-coap-access-token.md,user-guide,imported-selective,raw-github-master
_includes/docs/user-guide/ssl/coap-access-token.md,knowledge/thingsboard/ce/user-guide/ssl/coap-access-token.md,user-guide,imported-selective,raw-github-master
_includes/docs/user-guide/ssl/coap-over-dtls.md,knowledge/thingsboard/ce/user-guide/ssl/coap-over-dtls.md,user-guide,imported-selective,raw-github-master
_includes/docs/user-guide/ssl/coap-x509-certificates.md,knowledge/thingsboard/ce/user-guide/ssl/coap-x509-certificates.md,user-guide,imported-selective,raw-github-master
_includes/docs/user-guide/ssl/http-access-token.md,knowledge/thingsboard/ce/user-guide/ssl/http-access-token.md,user-guide,imported-selective,raw-github-master
_includes/docs/user-guide/ssl/http-over-ssl-common.md,knowledge/thingsboard/ce/user-guide/ssl/http-over-ssl-common.md,user-guide,imported-selective,raw-github-master
_includes/docs/user-guide/ssl/http-over-ssl.md,knowledge/thingsboard/ce/user-guide/ssl/http-over-ssl.md,user-guide,imported-selective,raw-github-master
_includes/docs/user-guide/ssl/http-transport-over-ssl.md,knowledge/thingsboard/ce/user-guide/ssl/http-transport-over-ssl.md,user-guide,imported-selective,raw-github-master
_includes/docs/user-guide/ssl/lwm2m-over-dtls.md,knowledge/thingsboard/ce/user-guide/ssl/lwm2m-over-dtls.md,user-guide,imported-selective,raw-github-master
_includes/docs/user-guide/ssl/mqtt-over-ssl.md,knowledge/thingsboard/ce/user-guide/ssl/mqtt-over-ssl.md,user-guide,imported-selective,raw-github-master
_includes/docs/user-guide/ssl/self-signed-ecc.md,knowledge/thingsboard/ce/user-guide/ssl/self-signed-ecc.md,user-guide,imported-selective,raw-github-master
_includes/docs/user-guide/tbel.md,knowledge/thingsboard/ce/user-guide/tbel.md,user-guide,imported-selective,raw-github-master
_includes/docs/user-guide/telemetry.md,knowledge/thingsboard/ce/user-guide/telemetry.md,user-guide,imported-selective,raw-github-master
_includes/docs/user-guide/templatization.md,knowledge/thingsboard/ce/user-guide/templatization.md,user-guide,imported-selective,raw-github-master
_includes/docs/user-guide/tenant-profiles.md,knowledge/thingsboard/ce/user-guide/tenant-profiles.md,user-guide,imported-selective,raw-github-master
_includes/docs/user-guide/troubleshooting.md,knowledge/thingsboard/ce/user-guide/troubleshooting.md,user-guide,imported-selective,raw-github-master
_includes/docs/user-guide/two-factor-authentication.md,knowledge/thingsboard/ce/user-guide/two-factor-authentication.md,user-guide,imported-selective,raw-github-master
_includes/docs/user-guide/ui/advanced-data-key-configuration.md,knowledge/thingsboard/ce/user-guide/ui/advanced-data-key-configuration.md,user-guide,imported-selective,raw-github-master
_includes/docs/user-guide/ui/aliases.md,knowledge/thingsboard/ce/user-guide/ui/aliases.md,user-guide,imported-selective,raw-github-master
_includes/docs/user-guide/ui/assets.md,knowledge/thingsboard/ce/user-guide/ui/assets.md,user-guide,imported-selective,raw-github-master
_includes/docs/user-guide/ui/chart-widget.md,knowledge/thingsboard/ce/user-guide/ui/chart-widget.md,user-guide,imported-selective,raw-github-master
_includes/docs/user-guide/ui/customers-pe.md,knowledge/thingsboard/ce/user-guide/ui/customers-pe.md,user-guide,imported-selective,raw-github-master
_includes/docs/user-guide/ui/customers.md,knowledge/thingsboard/ce/user-guide/ui/customers.md,user-guide,imported-selective,raw-github-master
_includes/docs/user-guide/ui/devices.md,knowledge/thingsboard/ce/user-guide/ui/devices.md,user-guide,imported-selective,raw-github-master
_includes/docs/user-guide/ui/entity-table-widget.md,knowledge/thingsboard/ce/user-guide/ui/entity-table-widget.md,user-guide,imported-selective,raw-github-master
_includes/docs/user-guide/ui/layouts.md,knowledge/thingsboard/ce/user-guide/ui/layouts.md,user-guide,imported-selective,raw-github-master
_includes/docs/user-guide/ui/mail-settings.md,knowledge/thingsboard/ce/user-guide/ui/mail-settings.md,user-guide,imported-selective,raw-github-master
_includes/docs/user-guide/ui/microsoft-teams-settings.md,knowledge/thingsboard/ce/user-guide/ui/microsoft-teams-settings.md,user-guide,imported-selective,raw-github-master
_includes/docs/user-guide/ui/mobile-qr-code.md,knowledge/thingsboard/ce/user-guide/ui/mobile-qr-code.md,user-guide,imported-selective,raw-github-master
_includes/docs/user-guide/ui/rule-chains.md,knowledge/thingsboard/ce/user-guide/ui/rule-chains.md,user-guide,imported-selective,raw-github-master
_includes/docs/user-guide/ui/security-settings.md,knowledge/thingsboard/ce/user-guide/ui/security-settings.md,user-guide,imported-selective,raw-github-master
_includes/docs/user-guide/ui/slack-settings.md,knowledge/thingsboard/ce/user-guide/ui/slack-settings.md,user-guide,imported-selective,raw-github-master
_includes/docs/user-guide/ui/sms-provider-settings.md,knowledge/thingsboard/ce/user-guide/ui/sms-provider-settings.md,user-guide,imported-selective,raw-github-master
_includes/docs/user-guide/ui/tenants-pe.md,knowledge/thingsboard/ce/user-guide/ui/tenants-pe.md,user-guide,imported-selective,raw-github-master
_includes/docs/user-guide/ui/tenants.md,knowledge/thingsboard/ce/user-guide/ui/tenants.md,user-guide,imported-selective,raw-github-master
_includes/docs/user-guide/ui/unit-conversion.md,knowledge/thingsboard/ce/user-guide/ui/unit-conversion.md,user-guide,imported-selective,raw-github-master
_includes/docs/user-guide/ui/users-pe.md,knowledge/thingsboard/ce/user-guide/ui/users-pe.md,user-guide,imported-selective,raw-github-master
_includes/docs/user-guide/ui/users.md,knowledge/thingsboard/ce/user-guide/ui/users.md,user-guide,imported-selective,raw-github-master
_includes/docs/user-guide/ui/widget-actions.md,knowledge/thingsboard/ce/user-guide/ui/widget-actions.md,user-guide,imported-selective,raw-github-master
_includes/docs/user-guide/ui/widget-library.md,knowledge/thingsboard/ce/user-guide/ui/widget-library.md,user-guide,imported-selective,raw-github-master
_includes/docs/user-guide/version-control.md,knowledge/thingsboard/ce/user-guide/version-control.md,user-guide,imported-selective,raw-github-master
_includes/docs/user-guide/widgets.md,knowledge/thingsboard/ce/user-guide/widgets.md,user-guide,imported-selective,raw-github-master
_includes/docs/user-guide/widgets/cards/markdown-html-card.md,knowledge/thingsboard/ce/user-guide/widgets/cards/markdown-html-card.md,user-guide,imported-selective,raw-github-master
_includes/docs/user-guide/widgets/map-widgets.md,knowledge/thingsboard/ce/user-guide/widgets/map-widgets.md,user-guide,imported-selective,raw-github-master
